employee_id,age,department,years_experience,salary,performance_rating
1,60,Finance,22,125313,4
2,50,IT,21,96063,3
3,36,Marketing,21,76949,4
4,64,Sales,20,59455,3
5,29,Finance,21,86019,3
6,42,HR,27,82728,4
7,60,Finance,8,61684,3
8,40,HR,25,78352,3
9,44,Finance,8,104718,2
10,32,Finance,14,79798,3
11,32,Finance,9,72276,4
12,45,HR,23,66727,4
13,57,HR,25,68286,4
14,61,Finance,24,115038,4
15,45,Marketing,28,94730,3
16,24,IT,9,107223,3
17,43,IT,7,121557,2
18,23,IT,23,73852,3
19,45,HR,15,78031,3
20,51,HR,16,62298,5
21,59,Marketing,25,102833,3
22,23,IT,26,105505,3
23,42,IT,4,84491,3
24,54,Finance,3,57215,3
25,33,HR,17,70743,4
26,43,IT,23,106013,2
27,46,Marketing,18,104341,3
28,48,Marketing,3,59081,4
29,63,IT,27,101687,3
30,49,HR,6,75747,2
31,37,Marketing,9,62109,3
32,36,Finance,24,125506,4
33,24,Marketing,17,78863,1
34,58,Sales,18,99601,4
35,28,Sales,3,84164,4
36,42,HR,9,59181,3
37,30,IT,0,91017,5
38,60,HR,22,70573,4
39,39,HR,17,69721,4
40,25,HR,4,72342,4
41,46,HR,14,74160,2
42,35,Finance,16,90706,2
43,30,Finance,2,56486,3
44,47,Marketing,11,59862,2
45,23,Sales,1,78265,3
46,41,HR,0,71083,4
47,49,Marketing,22,73355,4
48,28,Sales,20,80742,3
49,29,IT,16,103215,4
50,56,Finance,21,104295,4
51,35,Sales,15,62304,3
52,38,IT,4,84508,2
53,57,Sales,14,78126,3
54,61,Finance,2,108808,4
55,25,Finance,27,111248,3
56,23,Marketing,6,78322,3
57,27,HR,10,70839,1
58,63,Sales,9,64670,4
59,25,Sales,8,115673,4
60,50,IT,13,67987,4
61,39,Finance,12,108025,5
62,47,Sales,28,115807,4
63,55,Finance,24,99871,5
64,31,Sales,29,119896,5
65,57,Marketing,24,87236,4
66,35,HR,1,51181,3
67,52,Sales,2,78147,1
68,36,Finance,6,65436,3
69,29,Marketing,20,82636,3
70,35,Sales,17,81496,3
71,44,IT,2,75552,3
72,61,HR,9,76941,5
73,42,Sales,21,88092,4
74,37,Marketing,28,93115,4
75,39,IT,6,77343,3
76,45,Marketing,8,91659,1
77,47,Marketing,16,83139,1
78,46,IT,10,95161,3
79,62,Marketing,6,78251,1
80,50,IT,23,91305,1
81,36,Sales,27,120877,5
82,22,IT,13,103431,4
83,46,IT,18,72703,3
84,28,HR,3,41021,2
85,30,IT,25,98898,3
86,45,IT,5,56621,1
87,22,Sales,9,82968,5
88,29,HR,6,51114,3
89,45,Finance,12,88014,3
90,32,Sales,13,110193,3
91,38,Sales,3,70685,1
92,29,Finance,7,78723,3
93,56,IT,4,93388,4
94,56,Marketing,0,55553,3
95,54,HR,3,71686,2
96,26,Marketing,2,75428,3
97,63,Finance,8,85770,3
98,60,Sales,7,85046,4
99,62,Sales,0,106288,3
100,49,HR,26,95521,3
101,28,Sales,5,114392,3
102,30,Sales,8,90178,3
103,29,HR,6,44932,3
104,33,HR,3,58560,3
105,55,Finance,12,60371,3
106,54,Sales,16,101117,4
107,44,Sales,27,114599,3
108,45,Finance,1,66367,5
109,58,IT,27,99798,3
110,56,IT,4,91477,5
111,61,IT,11,73234,4
112,43,Finance,26,83837,3
113,48,Sales,20,117237,4
114,56,Finance,7,83628,2
115,22,Finance,5,76622,5
116,56,IT,7,57141,3
117,58,Marketing,17,91785,1
118,35,Sales,2,63505,3
119,24,IT,21,142692,5
120,22,Marketing,11,85889,1
121,26,Marketing,28,81877,3
122,47,HR,25,74041,4
123,35,Sales,2,105410,4
124,60,Marketing,21,85736,3
125,48,IT,5,73560,2
126,30,HR,1,57074,1
127,36,Sales,22,88254,3
128,36,Finance,11,92708,3
129,47,IT,1,83835,5
130,63,Marketing,5,80132,1
131,34,Marketing,16,76171,3
132,53,IT,2,60873,1
133,60,Marketing,1,59765,2
134,53,HR,22,74406,3
135,25,Sales,29,103220,3
136,51,HR,19,85066,3
137,58,Marketing,7,85698,5
138,44,Finance,21,120744,3
139,60,Sales,11,75710,5
140,36,Sales,25,108713,4
141,64,IT,3,95891,3
142,50,IT,4,74264,4
143,57,Finance,12,86118,3
144,34,Sales,28,70125,1
145,53,Finance,14,109943,4
146,28,IT,24,99321,1
147,43,IT,22,120118,3
148,49,Sales,15,94699,4
149,23,HR,9,61400,1
150,63,Marketing,29,69107,2
151,27,IT,29,93330,5
152,49,IT,24,61323,3
153,49,HR,22,69804,2
154,41,HR,15,103656,3
155,51,Finance,11,66332,3
156,32,Finance,16,48907,3
157,49,Marketing,15,99440,5
158,46,Marketing,11,112455,3
159,60,Sales,7,85215,3
160,54,Finance,19,105030,4
161,22,IT,2,78422,4
162,48,Finance,15,59899,2
163,34,IT,29,85487,2
164,62,HR,12,64123,2
165,24,Finance,22,92429,3
166,60,HR,27,82145,3
167,27,Marketing,18,96439,3
168,29,Marketing,7,68272,5
169,48,Sales,21,111920,4
170,30,Finance,4,68276,2
171,58,HR,19,90516,3
172,54,IT,7,89154,3
173,63,Marketing,23,82462,3
174,45,Marketing,11,78039,3
175,36,IT,0,76316,4
176,53,HR,24,82527,3
177,53,HR,29,95734,3
178,45,Finance,20,99695,4
179,62,Finance,19,91374,3
180,33,Sales,5,57361,2
181,60,Marketing,21,95687,3
182,23,Finance,17,96857,1
183,24,HR,7,53343,5
184,58,IT,6,96638,1
185,38,HR,0,43224,3
186,23,Marketing,20,101438,3
187,23,HR,15,85786,5
188,49,Sales,11,89424,2
189,44,Marketing,5,63345,2
190,58,IT,19,107564,1
191,53,Sales,1,89260,2
192,54,Marketing,28,100885,2
193,22,IT,13,82735,3
194,40,Sales,3,78112,2
195,23,Sales,0,86878,1
196,47,Marketing,22,122986,4
197,53,Finance,17,91910,3
198,27,Sales,12,99955,3
199,53,Sales,1,92418,3
200,25,IT,8,78976,5
201,32,HR,20,99658,2
202,38,Marketing,1,53022,4
203,59,Marketing,26,106134,4
204,45,Finance,24,104166,1
205,26,Finance,8,90658,5
206,55,Marketing,0,102202,2
207,27,Finance,10,77603,1
208,43,IT,2,78287,4
209,32,Marketing,19,106972,4
210,37,Finance,29,122391,3
211,54,Marketing,22,105231,2
212,30,HR,25,83477,3
213,27,Sales,3,83329,4
214,37,Marketing,17,111514,3
215,50,Sales,22,83006,3
216,24,Finance,5,75275,1
217,41,Sales,2,85771,2
218,57,Marketing,21,86062,4
219,40,HR,10,60703,3
220,47,Finance,14,107268,5
221,24,Marketing,21,107037,3
222,40,Finance,27,106820,4
223,41,IT,4,78565,2
224,53,Sales,19,82813,3
225,28,IT,9,82272,2
226,62,Marketing,11,93254,3
227,54,HR,14,73094,3
228,61,Finance,16,85013,5
229,60,Sales,9,86828,3
230,39,Finance,5,97483,2
231,61,Marketing,17,70571,1
232,22,Finance,12,64481,2
233,32,Sales,2,110948,3
234,49,Marketing,29,76322,4
235,46,Finance,23,100756,5
236,44,HR,9,67033,1
237,52,Marketing,29,90913,3
238,51,Marketing,13,77876,3
239,63,HR,5,71687,3
240,56,IT,2,38549,3
241,28,Sales,15,68196,3
242,37,IT,6,87196,3
243,47,Finance,19,88477,2
244,23,HR,13,74647,4
245,22,IT,8,90497,2
246,33,Marketing,14,48261,3
247,26,Finance,20,120870,3
248,58,Finance,2,69604,3
249,53,IT,1,69620,5
250,30,IT,26,116550,4
251,62,HR,1,63546,4
252,56,Sales,2,94545,3
253,40,IT,17,106893,4
254,37,IT,13,115645,3
255,24,Marketing,19,72927,4
256,41,Finance,17,97897,3
257,45,Sales,9,68506,5
258,54,Marketing,24,95465,5
259,45,HR,1,60557,4
260,32,HR,24,77076,2
261,29,IT,28,107726,2
262,57,IT,21,120055,4
263,59,HR,0,35900,2
264,61,IT,3,69003,4
265,41,Sales,13,86230,3
266,56,IT,0,57984,3
267,46,Finance,13,96245,5
268,56,IT,15,96284,3
269,46,Marketing,21,65943,3
270,50,Sales,13,62922,3
271,39,Marketing,28,54643,3
272,39,Marketing,19,68689,4
273,23,Finance,2,76147,2
274,56,Sales,2,81777,5
275,37,Sales,8,86931,4
276,62,Sales,5,65264,3
277,57,Sales,24,100897,4
278,54,Sales,12,92354,3
279,25,Finance,20,77026,3
280,54,IT,1,87419,5
281,35,Marketing,7,78847,1
282,42,Sales,20,84302,2
283,41,IT,1,99520,3
284,29,IT,3,74386,3
285,28,Marketing,24,77099,3
286,24,Finance,14,103905,4
287,38,HR,3,89549,3
288,54,HR,12,71352,3
289,33,IT,27,118228,1
290,43,Marketing,11,69369,3
291,43,HR,27,65138,2
292,51,IT,12,94192,2
293,59,Finance,13,96445,3
294,59,HR,19,69868,2
295,29,IT,17,108559,2
296,48,IT,28,98626,2
297,48,Sales,27,91815,5
298,55,Finance,5,104546,5
299,42,Sales,28,120978,3
300,51,Marketing,10,70484,5
301,54,Sales,29,135061,4
302,49,Sales,1,68962,3
303,54,HR,27,81244,1
304,26,IT,22,106476,4
305,40,Finance,18,107934,4
306,25,Sales,18,96878,3
307,56,Finance,4,87249,4
308,38,Sales,18,75577,3
309,49,Marketing,1,43671,4
310,51,Sales,9,105745,5
311,50,HR,24,73636,3
312,27,IT,1,81917,4
313,56,Marketing,29,99901,3
314,62,Sales,10,110478,3
315,58,Finance,17,100533,4
316,45,Marketing,28,84078,1
317,50,Marketing,23,81146,3
318,52,Sales,14,85183,2
319,56,Marketing,8,60359,3
320,54,Finance,22,101698,3
321,42,Marketing,18,85219,4
322,53,Finance,8,111116,2
323,44,Sales,2,73420,3
324,54,IT,20,66159,2
325,24,Marketing,8,116102,4
326,39,IT,27,133623,5
327,46,Finance,29,149770,5
328,63,Marketing,13,63640,4
329,52,HR,18,74405,4
330,24,IT,6,96139,2
331,61,Marketing,15,89045,3
332,45,IT,15,102724,3
333,53,Marketing,27,62005,4
334,43,Sales,0,48744,5
335,44,IT,3,107715,2
336,23,HR,3,88586,5
337,48,HR,6,63360,3
338,63,Finance,7,107934,3
339,23,Marketing,16,64651,2
340,47,IT,4,64900,1
341,38,Finance,6,63785,3
342,61,IT,27,96301,3
343,54,Marketing,19,93840,2
344,30,HR,28,72958,3
345,64,Sales,19,132655,4
346,60,HR,3,70110,4
347,50,Finance,27,130258,5
348,63,Sales,5,86184,3
349,47,Finance,6,103746,3
350,56,Marketing,17,71980,4
351,46,Sales,4,100874,3
352,45,Finance,19,95581,1
353,34,Marketing,29,111138,2
354,28,HR,28,65165,3
355,57,Marketing,2,68708,2
356,41,IT,6,89014,3
357,22,Marketing,26,80711,2
358,29,Marketing,27,93696,1
359,37,IT,21,132112,3
360,35,Finance,13,78841,3
361,33,Finance,6,99391,3
362,44,Marketing,4,51088,2
363,36,IT,28,148370,2
364,49,IT,21,118522,3
365,55,HR,4,86289,3
366,23,Finance,29,120843,3
367,53,Sales,22,103245,3
368,44,Finance,1,95328,5
369,43,Finance,29,106896,3
370,46,HR,26,60959,3
371,43,Sales,20,101982,3
372,43,HR,21,68100,3
373,63,Sales,5,59922,3
374,27,Marketing,14,89544,3
375,36,Sales,20,92194,4
376,64,HR,9,79574,2
377,58,Finance,22,85290,2
378,54,Sales,25,92331,3
379,29,Sales,23,119079,4
380,26,IT,6,86637,1
381,60,Finance,4,59616,5
382,25,Marketing,0,69866,3
383,27,HR,12,93796,5
384,53,Marketing,20,82821,5
385,51,Finance,25,114966,3
386,56,Sales,17,75085,2
387,61,Sales,12,81343,2
388,37,Finance,20,115399,2
389,34,Sales,20,100417,4
390,63,Sales,17,110372,2
391,51,Sales,4,84017,3
392,40,HR,12,100152,3
393,38,HR,3,44573,5
394,40,IT,16,92090,2
395,49,Marketing,2,47731,1
396,47,Finance,16,72169,1
397,58,Finance,27,94176,5
398,47,Finance,10,90293,3
399,44,IT,20,104873,2
400,30,HR,19,80470,2
401,33,IT,22,82984,2
402,22,Finance,20,91007,2
403,22,Marketing,25,80535,5
404,55,Sales,29,122142,4
405,53,HR,3,50351,3
406,46,HR,1,59214,4
407,61,IT,19,109685,2
408,22,HR,15,66389,4
409,37,Finance,27,121219,4
410,60,Finance,17,122982,3
411,26,IT,7,93414,4
412,43,Finance,2,91452,2
413,50,Marketing,8,40898,2
414,24,IT,28,102677,2
415,33,Marketing,19,87773,3
416,47,Sales,28,88226,4
417,37,Marketing,5,78114,5
418,58,Sales,9,99989,3
419,43,Sales,20,65787,4
420,50,Marketing,9,59163,4
421,35,IT,12,94526,2
422,49,Finance,16,102242,3
423,26,Finance,8,95531,2
424,51,Sales,16,92029,3
425,26,Sales,23,109914,5
426,33,IT,8,102662,2
427,37,HR,8,62804,4
428,47,Marketing,0,56871,3
429,47,Sales,1,70919,3
430,42,Finance,27,110391,3
431,60,IT,15,85351,3
432,57,Marketing,28,84093,1
433,54,IT,0,83958,2
434,51,Marketing,9,73366,1
435,58,Marketing,17,80219,3
436,44,Sales,25,69172,2
437,31,IT,27,113936,4
438,26,IT,7,70139,3
439,57,Finance,20,115858,3
440,55,Finance,27,101624,3
441,52,Sales,10,67162,3
442,31,Sales,22,100184,5
443,40,HR,1,73854,1
444,53,Finance,7,92531,2
445,22,Marketing,26,97298,4
446,26,IT,21,75730,1
447,25,Sales,7,102656,1
448,37,IT,16,87210,3
449,45,IT,14,108008,1
450,37,HR,16,69407,3
451,23,Finance,27,119097,2
452,49,Sales,22,120563,4
453,53,IT,23,120866,4
454,48,Sales,12,98271,3
455,41,Marketing,18,82523,3
456,45,HR,4,58941,4
457,33,Marketing,11,77074,2
458,56,Sales,0,69191,4
459,54,Sales,22,139708,4
460,54,Finance,4,65681,4
461,64,IT,7,105637,3
462,58,IT,12,100509,2
463,33,Marketing,7,76448,3
464,24,HR,24,102778,4
465,22,IT,22,106170,1
466,54,Finance,10,78747,4
467,61,Marketing,0,68375,2
468,31,Marketing,12,73252,2
469,64,Finance,18,102981,2
470,50,HR,23,87476,1
471,34,Finance,2,63380,3
472,33,HR,23,94437,2
473,52,Finance,16,94502,5
474,23,Finance,4,88152,3
475,56,Sales,19,101480,2
476,44,Marketing,20,91510,3
477,38,Finance,7,84367,4
478,47,Finance,25,98521,4
479,29,IT,13,85158,1
480,50,Marketing,3,94477,4
481,47,IT,10,78014,4
482,31,Marketing,19,72211,2
483,47,IT,14,77463,1
484,55,Finance,18,98941,3
485,62,Finance,6,54198,2
486,28,Sales,18,72266,4
487,25,IT,27,106902,3
488,32,HR,18,61815,5
489,50,Sales,10,63696,3
490,57,IT,25,83755,2
491,46,IT,4,66360,2
492,42,Sales,4,89065,3
493,57,Finance,29,128035,4
494,31,IT,21,141342,4
495,58,Finance,7,114120,2
496,30,Sales,9,93274,2
497,45,Finance,5,94777,1
498,56,Marketing,14,81966,3
499,56,HR,15,76318,1
500,57,IT,27,146584,3
501,39,HR,16,78811,3
502,60,Finance,7,108443,5
503,53,IT,7,70781,3
504,45,Finance,24,89707,2
505,44,Marketing,8,78681,3
506,53,Sales,1,76173,3
507,58,IT,14,84841,3
508,33,Marketing,17,123110,5
509,34,Marketing,2,72588,4
510,44,IT,16,88030,2
511,46,Finance,3,79665,2
512,56,Marketing,29,95381,3
513,62,HR,3,66435,4
514,51,Marketing,13,51094,1
515,38,Finance,8,107386,3
516,41,Finance,8,108367,3
517,46,HR,24,99049,2
518,43,Marketing,25,95881,3
519,34,Finance,22,117227,5
520,40,IT,29,93607,1
521,57,Sales,17,105042,3
522,33,Sales,9,86654,3
523,62,Sales,20,89203,4
524,40,Marketing,3,85971,5
525,33,HR,11,81496,3
526,30,Finance,26,109145,4
527,28,IT,7,95490,3
528,49,IT,1,61829,3
529,35,Marketing,21,103647,2
530,52,Sales,12,68769,2
531,40,Marketing,20,73418,2
532,37,HR,15,73741,3
533,26,HR,27,95145,1
534,56,Finance,1,100865,5
535,33,Finance,10,85016,2
536,46,HR,9,76135,2
537,42,HR,14,49197,3
538,57,HR,16,65889,4
539,44,Marketing,7,58515,1
540,37,HR,17,91604,3
541,60,IT,22,122183,5
542,63,Sales,8,82246,2
543,60,HR,24,84803,3
544,35,Sales,7,108377,4
545,52,Marketing,26,85447,1
546,26,Sales,13,65217,3
547,56,Marketing,27,109307,3
548,44,IT,25,112473,3
549,50,Marketing,24,102305,2
550,64,Marketing,17,78328,1
551,32,Finance,21,85582,3
552,39,HR,19,78338,1
553,33,HR,29,87437,4
554,30,IT,19,105328,3
555,31,IT,20,132298,3
556,38,HR,11,56267,4
557,59,Finance,18,101532,3
558,28,HR,13,56443,1
559,34,Finance,16,54213,5
560,61,IT,23,103518,2
561,63,Sales,20,92911,2
562,30,IT,2,95223,4
563,48,IT,25,105284,3
564,23,Marketing,29,72664,3
565,26,Marketing,22,73663,2
566,50,Marketing,6,91754,3
567,58,Marketing,16,67450,2
568,59,Finance,11,120460,5
569,40,HR,8,78974,2
570,29,Sales,14,84956,4
571,22,IT,17,86476,3
572,43,Finance,20,119276,4
573,38,Sales,12,84024,4
574,28,Finance,29,82587,3
575,46,Finance,20,108599,3
576,25,IT,29,119110,2
577,57,HR,7,79259,2
578,27,Marketing,13,86243,4
579,52,HR,7,60086,4
580,40,IT,13,117654,3
581,60,IT,6,108605,2
582,48,IT,22,109797,3
583,31,Sales,11,85695,3
584,47,HR,10,50535,3
585,40,HR,21,71898,4
586,60,Finance,21,117773,5
587,24,Finance,10,75486,2
588,34,Finance,24,78369,3
589,49,IT,21,167325,3
590,41,HR,27,63944,3
591,49,IT,28,151021,2
592,29,Sales,12,76327,1
593,62,Finance,17,96291,4
594,60,IT,1,68298,3
595,22,IT,28,126891,3
596,24,Sales,20,75243,5
597,34,Marketing,14,54395,4
598,49,HR,19,96437,2
599,46,Marketing,26,79940,3
600,54,Finance,17,108320,3
601,59,IT,14,78861,4
602,27,Sales,18,106288,4
603,53,Sales,22,124578,3
604,42,HR,23,72983,3
605,37,Marketing,11,49998,4
606,42,HR,12,89398,1
607,32,IT,21,118672,2
608,58,HR,10,62006,3
609,57,Sales,4,69003,1
610,56,Sales,28,82874,2
611,40,Finance,0,102699,4
612,41,Finance,23,97726,5
613,39,IT,2,56063,3
614,62,Marketing,21,88204,2
615,35,HR,18,62189,2
616,36,IT,22,84659,2
617,52,Finance,28,96080,1
618,22,HR,29,90265,5
619,24,Finance,6,56675,2
620,37,HR,11,87999,3
621,44,Marketing,14,86157,1
622,32,IT,24,103823,4
623,33,HR,4,52604,4
624,31,Sales,14,90927,5
625,53,Sales,7,97340,4
626,37,HR,9,77551,3
627,29,HR,25,94389,2
628,59,HR,15,66414,3
629,33,Sales,7,33000,3
630,45,Sales,0,93188,3
631,49,HR,11,63442,1
632,29,Finance,4,87391,1
633,49,Finance,2,106994,3
634,57,Marketing,0,102516,3
635,47,IT,3,73503,4
636,29,Finance,7,83960,2
637,49,Sales,2,97352,3
638,49,Finance,9,69386,2
639,58,Marketing,1,54268,1
640,62,Marketing,10,67179,3
641,57,IT,24,105094,2
642,48,Finance,9,80152,2
643,38,Sales,20,84802,3
644,30,Sales,13,68765,2
645,54,HR,6,72161,1
646,41,Sales,26,118874,1
647,34,IT,26,134688,2
648,49,IT,1,66940,1
649,50,Sales,8,95486,3
650,34,Sales,15,90799,2
651,56,HR,12,60695,2
652,27,Sales,8,93514,3
653,39,HR,19,68175,3
654,26,HR,3,58821,4
655,46,Sales,21,75183,4
656,23,Marketing,9,70036,4
657,31,Marketing,25,94807,3
658,51,HR,25,103080,3
659,26,Sales,21,89867,3
660,54,Marketing,11,59427,2
661,22,Sales,16,112706,2
662,39,Sales,13,76374,2
663,53,Sales,13,62451,5
664,32,Finance,24,105795,3
665,42,Sales,1,70541,4
666,47,Finance,20,138581,3
667,46,HR,24,87417,3
668,43,Marketing,19,80804,2
669,48,Marketing,10,60132,2
670,34,Marketing,15,87952,4
671,54,Marketing,18,105850,3
672,55,Marketing,22,92677,3
673,62,Marketing,5,60288,4
674,56,Marketing,23,95082,2
675,22,HR,18,78543,5
676,42,Sales,4,84402,3
677,27,IT,25,102813,3
678,49,Finance,3,72824,3
679,38,IT,14,86079,2
680,26,IT,28,127360,2
681,52,Sales,3,69824,3
682,26,Sales,19,88114,4
683,59,Sales,9,69155,4
684,24,Marketing,23,93810,2
685,44,HR,21,82507,3
686,58,Marketing,2,59268,2
687,58,HR,25,68723,1
688,31,HR,4,88328,3
689,31,IT,5,51352,3
690,40,IT,20,107277,1
691,38,HR,21,92133,1
692,42,HR,7,27000,5
693,35,Marketing,6,79912,1
694,30,Marketing,20,82696,3
695,22,IT,9,94608,3
696,34,Sales,5,70566,2
697,25,HR,13,83817,2
698,22,Marketing,3,74446,3
699,61,IT,27,116370,4
700,53,Marketing,24,76517,3
701,55,HR,12,95610,3
702,49,HR,19,80234,5
703,52,Finance,16,136099,4
704,29,Sales,22,128604,3
705,60,Finance,6,52123,3
706,47,IT,3,71010,3
707,55,Marketing,28,78445,3
708,24,IT,13,93932,3
709,33,HR,2,63726,3
710,22,Finance,23,101716,1
711,26,Finance,4,98683,3
712,51,Finance,15,116614,2
713,51,IT,25,124214,2
714,38,HR,22,68027,1
715,44,Marketing,19,73269,3
716,36,Marketing,3,69041,3
717,58,IT,23,112070,2
718,42,Finance,29,106089,3
719,35,Sales,23,75699,3
720,23,IT,1,90277,2
721,32,IT,29,106938,3
722,60,HR,17,70796,4
723,59,Marketing,18,85180,4
724,55,IT,27,107281,3
725,59,IT,27,105002,3
726,55,Finance,18,69917,1
727,39,Finance,16,90063,2
728,51,Sales,13,94098,1
729,36,HR,18,82772,5
730,48,Sales,21,109144,2
731,55,Finance,23,87482,2
732,59,Marketing,12,60829,4
733,54,Finance,11,88909,5
734,45,HR,29,79007,4
735,36,Finance,25,91246,1
736,51,HR,5,63158,1
737,63,HR,20,70608,3
738,38,HR,3,43424,2
739,26,HR,18,64453,1
740,50,HR,15,77490,3
741,25,Marketing,12,92072,5
742,31,Sales,3,86813,3
743,38,IT,29,121640,3
744,31,Sales,22,94026,3
745,38,HR,16,77466,2
746,41,Marketing,22,87364,3
747,45,Finance,0,75550,2
748,26,Marketing,17,66910,2
749,55,HR,19,78892,4
750,27,Marketing,16,85679,2
751,23,Marketing,26,101116,5
752,34,HR,27,64518,2
753,64,Marketing,26,93443,3
754,64,IT,14,70009,3
755,32,IT,10,91926,2
756,44,Marketing,24,75479,1
757,37,Finance,27,136372,3
758,52,HR,21,81709,4
759,32,IT,12,110420,4
760,37,Finance,0,112312,3
761,29,Marketing,16,71738,4
762,25,Finance,5,89165,3
763,61,Sales,3,58532,4
764,25,IT,19,108208,3
765,46,Marketing,15,107485,3
766,24,HR,14,65323,4
767,53,Marketing,26,78710,3
768,24,HR,14,72569,4
769,48,Marketing,5,101687,3
770,50,Finance,14,103000,2
771,53,Finance,13,70640,1
772,40,Finance,27,132049,3
773,42,Sales,10,56291,3
774,26,HR,6,95443,4
775,39,Finance,8,97573,2
776,49,Sales,25,131398,4
777,63,HR,15,52454,4
778,43,Marketing,4,70541,2
779,42,Sales,24,98990,4
780,27,IT,19,88674,5
781,22,Sales,28,84215,4
782,26,Sales,9,93066,4
783,62,HR,17,86369,5
784,33,Marketing,2,87499,3
785,47,IT,12,84538,3
786,55,Finance,10,87257,4
787,35,Finance,16,70452,3
788,47,Sales,29,129922,3
789,48,HR,29,84638,2
790,30,HR,21,89854,4
791,47,Finance,12,98173,1
792,43,IT,5,116263,5
793,51,Marketing,16,69529,3
794,64,IT,26,120556,2
795,38,Marketing,12,77624,3
796,47,Finance,18,128322,1
797,57,Marketing,20,73484,3
798,22,HR,18,95014,5
799,29,Sales,9,90480,4
800,56,Sales,2,77514,2
801,36,Finance,13,89481,2
802,43,HR,25,101879,4
803,35,IT,18,110349,5
804,47,HR,4,42420,3
805,49,Sales,28,123521,3
806,44,Sales,4,94097,3
807,35,HR,19,86226,4
808,45,HR,16,58565,3
809,23,Sales,20,76343,2
810,47,IT,9,53806,2
811,35,Finance,4,90740,4
812,28,Finance,3,51470,1
813,24,HR,5,40696,3
814,44,Finance,25,126643,3
815,64,Sales,3,86374,2
816,39,Sales,29,94602,1
817,59,HR,6,64790,4
818,56,HR,6,34100,4
819,36,HR,17,88876,4
820,46,IT,2,71530,4
821,58,Finance,0,81597,3
822,49,HR,23,48304,4
823,31,Marketing,24,104663,3
824,60,Marketing,3,57707,3
825,38,Sales,5,59795,5
826,60,Finance,8,76941,2
827,43,HR,21,70248,3
828,47,Marketing,13,95114,3
829,46,Finance,27,97398,2
830,38,Sales,11,102783,1
831,34,IT,27,119942,4
832,41,Finance,24,123527,5
833,46,Finance,19,97712,3
834,25,IT,23,124897,1
835,31,Finance,24,78999,1
836,24,Sales,3,79974,4
837,62,Sales,20,88058,3
838,39,IT,29,139139,3
839,57,HR,23,100336,3
840,43,Marketing,11,77006,3
841,55,HR,9,50064,3
842,29,Finance,29,118917,4
843,61,Marketing,21,62030,3
844,40,IT,27,140870,3
845,63,IT,6,77882,3
846,62,Marketing,2,69541,4
847,58,Sales,22,85564,3
848,27,Marketing,27,77473,2
849,47,Finance,13,103568,3
850,55,Sales,23,93082,2
851,27,IT,9,93164,4
852,58,Marketing,15,65941,3
853,54,HR,15,88056,5
854,43,HR,21,87630,1
855,42,Finance,9,84945,4
856,27,HR,24,98116,3
857,27,Marketing,12,78438,4
858,25,Marketing,5,82696,3
859,51,HR,11,47390,3
860,32,Marketing,8,81301,4
861,51,Finance,12,82716,2
862,52,Sales,3,76266,2
863,45,Finance,23,104259,3
864,30,Finance,10,89568,3
865,24,Marketing,19,92235,2
866,52,Sales,17,79774,2
867,61,Marketing,25,97536,2
868,58,IT,10,115785,4
869,57,Marketing,24,68847,3
870,45,Marketing,20,76291,4
871,52,Marketing,3,61921,5
872,27,Sales,17,73281,3
873,23,Marketing,0,54879,1
874,41,Sales,26,113846,1
875,49,HR,6,82542,2
876,32,IT,5,91911,5
877,25,Sales,14,82650,3
878,36,HR,17,83739,2
879,27,Sales,23,58894,3
880,51,Sales,10,66189,3
881,59,IT,19,60210,3
882,23,Finance,23,81666,2
883,36,Finance,14,83368,5
884,32,Sales,15,113481,3
885,29,Marketing,6,30000,2
886,47,HR,20,73574,4
887,26,Marketing,9,80293,1
888,27,Marketing,25,101160,5
889,47,Sales,11,113218,5
890,25,Sales,23,102757,4
891,40,Sales,13,95275,4
892,41,Sales,24,68664,3
893,54,Finance,4,68052,5
894,41,Sales,25,70685,3
895,33,Finance,20,111077,4
896,22,Finance,17,106064,5
897,47,Sales,4,86573,5
898,35,IT,2,68134,4
899,59,HR,22,66065,3
900,58,Marketing,25,98141,5
901,32,Finance,4,68953,3
902,57,HR,23,69924,5
903,34,IT,16,89248,3
904,64,Marketing,18,74088,3
905,24,Marketing,18,70999,3
906,54,Finance,24,82355,3
907,27,Sales,20,104203,4
908,31,IT,11,120408,3
909,26,Finance,24,102827,3
910,44,IT,28,116803,3
911,31,Sales,8,92450,4
912,23,Sales,0,78648,3
913,34,Finance,17,76240,1
914,61,Sales,20,120777,2
915,23,HR,3,48276,1
916,41,Marketing,9,84721,3
917,22,Finance,24,110345,2
918,58,IT,6,48748,2
919,30,HR,21,77055,5
920,38,Finance,22,104476,4
921,30,Sales,0,74796,3
922,32,Sales,16,99573,5
923,36,Sales,23,106001,1
924,45,Sales,28,103275,3
925,59,IT,28,119183,3
926,56,HR,1,59693,3
927,51,Marketing,27,77739,3
928,52,IT,25,109783,3
929,26,IT,10,104683,3
930,35,Marketing,8,92631,4
931,32,Marketing,6,78059,2
932,30,Sales,21,115516,2
933,55,IT,16,103539,2
934,33,Finance,16,106901,2
935,56,Marketing,1,81060,3
936,56,Marketing,5,65649,2
937,22,HR,13,82701,4
938,61,Finance,5,63123,2
939,43,Finance,1,80784,2
940,50,Marketing,0,74655,3
941,29,Sales,9,95443,1
942,32,HR,20,88480,3
943,62,Finance,4,98855,3
944,58,Marketing,1,63509,2
945,35,Finance,21,89491,1
946,51,HR,15,69188,3
947,56,HR,24,80994,1
948,42,IT,1,45442,2
949,58,Marketing,9,92976,2
950,26,HR,1,59092,2
951,40,IT,15,89729,3
952,35,IT,15,51665,3
953,47,Finance,18,95964,3
954,25,Finance,28,102376,2
955,46,IT,6,67853,2
956,63,Finance,21,90739,4
957,46,HR,11,68940,3
958,39,Sales,23,90394,4
959,61,HR,14,79720,3
960,29,IT,7,74121,3
961,60,IT,5,87982,3
962,61,HR,27,99630,3
963,35,Finance,26,105168,3
964,53,Finance,9,92390,3
965,59,IT,2,84467,2
966,54,Marketing,18,84119,3
967,44,Finance,16,95444,4
968,36,HR,6,60686,5
969,54,Finance,20,101504,3
970,46,HR,19,72675,3
971,38,IT,25,134629,2
972,54,Finance,3,93342,3
973,23,HR,13,51487,3
974,35,IT,19,81651,5
975,61,Marketing,21,85043,3
976,61,HR,14,66663,3
977,60,Marketing,23,86252,3
978,27,Marketing,7,84767,4
979,27,Sales,20,99809,3
980,24,Finance,14,97272,3
981,28,HR,21,101423,5
982,29,Marketing,19,60166,1
983,63,Sales,27,106214,4
984,36,IT,13,81977,2
985,50,HR,26,103978,4
986,54,Marketing,28,60859,3
987,51,Finance,8,47745,3
988,60,Sales,7,87526,4
989,48,Marketing,25,103894,1
990,57,Finance,27,117988,2
991,50,Marketing,25,78985,3
992,59,HR,16,94136,3
993,54,HR,1,43675,3
994,58,HR,24,95051,1
995,48,Sales,23,77562,2
996,54,HR,29,78950,2
997,25,Finance,2,86927,2
998,43,Marketing,7,51006,3
999,23,IT,11,121242,4
1000,31,Finance,0,74325,5
